Index,date,bet,length,game_num,aw,hw,ao,ho,ab1,hb1,ab2,hb2,ab3,hb3,ab4,hb4,ab5,hb5,ab6,hb6,ab7,hb7,ab8,hb8,ab9,hb9,ab10,hb10
0,20081028,p,full,0,-,-,+7-110,-7-110,-,-6-103,+6-105,-6-105,+6-110,-6-110,+6-110,-6-110,+6-110,-6-110,-,-,+6-109,-6-109,-,-,-6-110,-6-110,+6-110,-6-110
1,20081028,p,full,1,-,-,+6-110,-6-110,+6-105,-6-105,-,-6-107,+6½-110,-6½-110,+6-110,-6-110,+6½-110,-6½-110,-,-,+6-109,-6-109,-,-,-6-110,-6-110,+6-110,-6-110
2,20081028,p,full,2,-,-,+7½-110,-7½-110,+8-101,-8-107,+8-105,-8-105,+8-110,-8-110,+8-110,-8-110,+8-110,-8-110,-,-,+8-109,-,-,-,-8-110,-8-110,+8-110,-8-110
3,20081028,p,first,0,-,-,+3½-110,-3½-110,+3½-111,-3½+101,+3½-110,-3½-110,+3½-105,-3½-115,+3½-105,-3½-115,+3½-105,-3½-115,-,-,-,-,-,-,-3½-110,-3½-110,+3½-105,-3½-115
4,20081028,p,first,1,-,-,+3-105,-3-115,+3½-113,-3½+103,+3-110,-3-110,+3-110,-3-110,+3½-115,-3½-105,-,-3½-110,-,-,-,-,-,-,-3½-115,-3½-105,+3½-115,-3½-105
5,20081028,p,first,2,-,-,+4-105,-4-115,+4-110,-4+100,+4-110,-4-110,+4-105,-,+4-105,-4-115,+4+105,-4-125,-,-,-,-,-,-,-4-105,-4-115,+4-105,-4-115
6,20081028,p,sec,0,-,-,+5-110,-5-110,-,-,+5-110,-5-110,-,-,-,-,-,-,-,-,-,-,-,-,-,-,-,-
7,20081028,p,sec,1,-,-,+3-110,-3-110,+3½-123,-3½+113,+3-110,-3-110,+3-105,-3-115,-,-,-,-,-,-,-,-,-,-,-,-,-,-
8,20081028,p,sec,2,-,-,-1½-110,+1½-110,-1+104,-,-½-110,+½-110,-½-105,+½-115,-,-,-,-,-,-,-,-,-,-,-,-,-,-
9,20081028,m,full,0,-,-,+250,-300,+235,-255,+235,-255,+220,-,+220,-260,+225,-265,-,-,+230,-269,-,-,+220,-260,+220,-260
10,20081028,m,full,1,-,-,+220,-260,+240,-260,+240,-,+235,-275,+225,-265,+225,-265,-,-,+225,-264,-,-,+220,-260,+225,-265
11,20081028,m,full,2,-,-,+275,-335,+340,-370,+328,-365,+305,-365,+300,-400,+300,-400,-,-,+285,-369,-,-,+305,-370,+300,-400
12,20081028,m,first,0,-,-,+175,-210,+183,-201,+175,-210,-,-,-,-,-,-,-,-,-,-,-,-,-,-,-,-
13,20081028,m,first,1,-,-,+175,-210,+183,-201,+175,-210,-,-,-,-,-,-,-,-,-,-,-,-,-,-,-,-
14,20081028,m,first,2,-,-,+200,-240,+200,-,+195,-235,-,-,-,-,-,-,-,-,-,-,-,-,-,-,-,-
15,20081028,m,sec,0,-,-,+243,-285,-,-,+260,-320,-,-,-,-,-,-,-,-,-,-,-,-,-,-,-,-
16,20081028,m,sec,1,-,-,+160,-185,+157,-172,+160,-185,-,-,-,-,-,-,-,-,-,-,-,-,-,-,-,-
17,20081028,m,sec,2,-,-,-125,+105,-120,+110,-123,-,-,-,-,-,-,-,-,-,-,-,-,-,-,-,-,-
18,20081028,t,full,0,-,-,179½-110,179½-110,182½-113,182½+103,183-103,183-107,183-110,183-110,183-110,183-110,183-110,183-110,-,-,182½-114,182½-104,-,-,183-110,183-110,183-110,183-110
19,20081028,t,full,1,-,-,195-110,195-110,198-103,198-107,198-107,198-103,198-110,198-110,198½-110,198½-110,198-110,198-110,-,-,198-109,198-109,-,-,198-110,198-110,198½-110,198½-110
20,20081028,t,full,2,-,-,197½-110,197½-110,194½-112,194½+102,195-108,195-102,195-110,195-110,195-110,195-110,195-115,195-105,-,-,194½-114,194½-104,-,-,195-110,195-110,195-110,195-110
21,20081028,t,first,0,-,-,88-110,88-110,89-118,89+108,89½-110,89½-110,89½-110,89½-110,89½-110,89½-110,89-125,89+105,-,-,-,-,-,-,89½-110,89½-110,89½-110,89½-110
22,20081028,t,first,1,-,-,96-110,96-110,97-105,97-105,97-110,97-110,97½-110,97½-110,97-110,97-110,96½-115,96½-105,-,-,-,-,-,-,96½-120,96½+100,97-110,97-110
23,20081028,t,first,2,-,-,98-110,98-110,97½+102,97½-112,97-110,97-110,97½-110,97½-110,97-110,97-110,97½-115,97½-105,-,-,-,-,-,-,97½-105,97½-115,97-110,97-110
24,20081028,t,sec,0,-,-,94-110,94-110,-,-,93½-110,93½-110,-,-,-,-,-,-,-,-,-,-,-,-,-,-,-,-
25,20081028,t,sec,1,-,-,101½-110,101½-110,101½+101,101½-111,101½-110,101½-110,101½-110,101½-110,-,-,-,-,-,-,-,-,-,-,-,-,-,-
26,20081028,t,sec,2,-,-,95-110,95-110,96-113,96+103,96½-110,96½-110,96½-110,96½-110,-,-,-,-,-,-,-,-,-,-,-,-,-,-
27,20081029,p,full,0,-,-,+5-110,-5-110,+5-108,-5-100,+5-102,-5-108,+4½-110,-,+5-110,-5-110,+5-115,-5-105,-,-,+5-114,-5-104,-,-,-5-110,-5-110,+5-110,-5-110
28,20081029,p,full,1,-,-,+7½-110,-7½-110,+8+106,-8-114,+8½-105,-8½-105,+8½-110,-8½-110,+8½-110,-8½-110,+8½-110,-8½-110,-,-,+8-104,-8-114,-,-,-8-110,-8-110,+8½-110,-8½-110
29,20081029,p,full,2,-,-,+6-110,-6-110,+5½-109,-5½-101,+5½-110,-5½+100,+5½-110,-5½-110,+5-110,-5-110,+5½-110,-5½-110,-,-,+5½-114,-5½-104,-,-,-5½-110,-5½-110,+5-110,-5-110
30,20081029,p,full,3,-,-,+3-110,-3-110,+2½-113,-,+2-103,-2-107,-,-2½-110,+2-110,-2-110,+2½-115,-2½-105,-,-,+2-109,-2-109,-,-,-2-110,-2-110,+2-110,-2-110
31,20081029,p,full,4,-,-,+10-110,-10-110,+10½-109,-10½-101,+10½-102,-10½-108,+10½-110,-10½-110,+10½-110,-,+10½-110,-10½-110,-,-,+10½-114,-10½-104,-,-,-10½-110,-10½-110,+10½-110,-
32,20081029,p,full,5,-,-,+2-110,-2-110,+4-103,-4-107,-,-4-109,+4½-110,-4½-110,+4-110,-4-110,+4-110,-4-110,-,-,+4-104,-4-114,-,-,-4-110,-4-110,+4-110,-4-110
33,20081029,p,full,6,-,-,+5½-110,-5½-110,+6-107,-6-103,+6-103,-6-107,+6-110,-6-110,+6-110,-6-110,+6-110,-6-110,-,-,+6-109,-6-109,-,-,-6-110,-6-110,+6-110,-6-110
34,20081029,p,full,7,-,-,+2½-110,-2½-110,+1-108,-1-102,PK-105,PK-105,PK-110,PK-110,PK-110,PK-110,PK-110,PK-110,-,-,PK-109,-,-,-,-,PK-110,PK-110,PK-110
35,20081029,p,full,8,-,-,+12-110,-12-110,+12½+100,-12½-110,+13-109,-13-101,+12½-110,-12½-110,+13-110,-13-110,+12½-110,-12½-110,-,-,+12½-104,-12½-114,-,-,-13-110,-13-110,+13-110,-13-110
36,20081029,p,full,9,-,-,+7-110,-7-110,+8+100,-8-110,+8-104,-8-106,+8½-110,-8½-110,+8-110,-8-110,+8-110,-8-110,-,-,+8-109,-8-109,-,-,-8-110,-8-110,+8-110,-8-110
37,20081029,p,full,10,-,-,-5-110,+5-110,-7½+101,+7½-111,-7½-101,+7½-109,-7½-110,+7½-110,-7½-110,+7½-110,-7½-110,+7½-110,-,-,-7½-104,+7½-114,-,-,-7½-110,-7½-110,-7½-110,+7½-110
38,20081029,p,full,11,-,-,-8½-110,+8½-110,-10-110,+10+100,-10-105,+10-105,-10-110,+10-110,-10-110,+10-110,-10½-105,+10½-115,-,-,-10-109,+10-109,-,-,-10-110,-10-110,-10-110,+10-110
39,20081029,p,first,0,-,-,+2½-105,-2½-115,+2½-105,-2½-105,+2½-110,-2½-110,+2½-110,-2½-110,+2½+100,-2½-120,-,-3-105,-,-,-,-,-,-,-2½-105,-2½-115,+2½+100,-2½-120
40,20081029,p,first,1,-,-,+4-105,-4-115,+4+110,-4-120,+4½-110,-4½-110,+4½-115,-4½-105,+4½-110,-4½-110,+4½-110,-4½-110,-,-,-,-,-,-,-4+100,-4-120,+4½-110,-4½-110
41,20081029,p,first,2,-,-,+3-105,-3-115,+3-105,-3-105,+3-110,-3-110,+3-115,-3-105,+3-110,-3-110,+3-110,-3-110,-,-,-,-,-,-,-3-105,-3-115,+3-110,-3-110
42,20081029,p,first,3,-,-,+1½-110,-1½-110,+1½-108,-1½-102,+1½-115,-1½-105,+1-110,-1-110,+1-110,-1-110,+1½-110,-1½-110,-,-,-,-,-,-,-1½-115,-1½-105,+1-110,-1-110
43,20081029,p,first,4,-,-,+6-110,-6-110,+6-110,-,+6-110,-6-110,+6-115,-6-105,+6-105,-6-115,+6-110,-6-110,-,-,-,-,-,-,-6-115,-6-105,+6-105,-6-115
44,20081029,p,first,5,-,-,+1½-115,-1½-105,+2+102,-2-112,+2½-110,-2½-110,-,-,+2½-110,-2½-110,-,-2-110,-,-,-,-,-,-,-2-110,-2-110,+2½-110,-2½-110
45,20081029,p,first,6,-,-,+3-110,-3-110,+3+100,-3-110,+3-110,-3-110,+3-105,-3-115,+3-110,-3-110,+3-110,-3-110,-,-,-,-,-,-,-3-110,-3-110,+3-110,-3-110
46,20081029,p,first,7,-,-,+1-110,-1-110,+½-105,-½-105,PK-110,PK-110,PK-110,PK-110,PK-110,PK-110,PK-110,PK-110,-,-,-,-,-,-,PK-105,PK-115,PK-110,PK-110
47,20081029,p,first,8,-,-,+6½-110,-6½-110,+7-108,-7-102,+7-115,-7-105,+7-110,-7-110,+7-110,-7-110,+7-105,-7-115,-,-,-,-,-,-,-7-110,-7-110,+7-110,-7-110
48,20081029,p,first,9,-,-,+4-110,-4-110,-,-4-110,+4-105,-4-115,-,-4½-110,+4-105,-4-115,+4½-115,-4½-105,-,-,-,-,-,-,-,-4-115,+4-105,-4-115
49,20081029,p,first,10,-,-,-3-105,+3-115,-3½-111,+3½+101,-4-110,+4-110,-,+4-105,-4-110,-,-4-115,+4-105,-,-,-,-,-,-,-3½-115,-3½-105,-4-110,-
50,20081029,p,first,11,-,-,-5-110,+5-110,-5½-112,+5½+102,-5½-120,+5½+100,-6-105,+6-115,-5½-110,+5½-110,-5½-125,+5½+105,-,-,-,-,-,-,-5½-115,-5½-105,-5½-110,+5½-110
51,20081029,p,sec,0,-,-,+4-110,-4-110,+4-114,-4+104,+4-110,-4-110,+4-110,-4-110,-,-,-,-,-,-,-,-,-,-,-,-,-,-
52,20081029,p,sec,1,-,-,+8½-110,-8½-110,-,-,+8-110,-8-110,-,-,-,-,-,-,-,-,-,-,-,-,-,-,-,-
53,20081029,p,sec,2,-,-,+3-110,-3-110,-,-,+2½-110,-2½-110,-,-,-,-,-,-,-,-,-,-,-,-,-,-,-,-
54,20081029,p,sec,3,-,-,-2½-110,+2½-110,-3-105,+3-105,-3-110,+3-110,-3-115,+3-105,-,-,-,-,-,-,-,-,-,-,-,-,-,-
55,20081029,p,sec,4,-,-,+4-110,-4-110,-,-3½+108,+3-110,-3-110,+3-110,-3-110,-,-,-,-,-,-,-,-,-,-,-,-,-,-
56,20081029,p,sec,5,-,-,+6-110,-6-110,-,-,+6-110,-6-110,-,-,-,-,-,-,-,-,-,-,-,-,-,-,-,-
57,20081029,p,sec,6,-,-,+1½-110,-1½-110,+1½-106,-1½-104,+1½-110,-1½-110,+1½-115,-1½-105,-,-,-,-,-,-,-,-,-,-,-,-,-,-
58,20081029,p,sec,7,-,-,+½-120,-½+100,PK+102,PK-112,+½-120,-½+100,+½-115,-½-105,-,-,-,-,-,-,-,-,-,-,-,-,-,-
59,20081029,p,sec,8,-,-,+6-110,-6-110,+6½-118,-6½+108,+6-110,-6-110,+6-105,-6-115,-,-,-,-,-,-,-,-,-,-,-,-,-,-
60,20081029,p,sec,9,-,-,+4-110,-4-110,+4-112,-,+4-115,-4-105,-,-,-,-,-,-,-,-,-,-,-,-,-,-,-,-
61,20081029,p,sec,10,-,-,-5½-110,+5½-110,-5-113,+5+103,-5½-110,+5½-110,-6-110,+6-110,-,-,-,-,-,-,-,-,-,-,-,-,-,-
62,20081029,p,sec,11,-,-,PK-110,PK-110,PK-133,PK+121,-1-110,+1-110,-½-105,+½-115,-,-,-,-,-,-,-,-,-,-,-,-,-,-
63,20081029,m,full,0,-,-,+175,-210,+174,-184,+185,-200,+170,-200,+175,-210,+170,-200,-,-,+165,-195,-,-,+170,-200,+175,-210
64,20081029,m,full,1,-,-,+275,-335,+330,-360,+320,-355,+315,-375,+300,-400,+300,-400,-,-,+280,-359,-,-,+300,-360,+300,-400
65,20081029,m,full,2,-,-,+210,-250,+195,-215,+195,-215,+190,-230,+200,-240,-,-230,-,-,+190,-229,-,-,+195,-235,+200,-240
66,20081029,m,full,3,-,-,+130,-150,+115,-125,+115,-125,+120,-140,+110,-130,-,-,-,-,+109,-130,-,-,-,-128,+110,-130
67,20081029,m,full,4,-,-,+470,-640,+600,-700,+550,-675,+550,-700,-,-,-,-,-,-,+450,-699,-,-,-,-700,-,-
68,20081029,m,full,5,-,-,+125,-145,+167,-177,+168,-180,+170,-200,+160,-190,+160,-,-,-,+159,-190,-,-,+155,-175,+160,-190
69,20081029,m,full,6,-,-,+200,-240,+215,-235,+210,-230,+215,-255,+200,-,+200,-240,-,-,+195,-235,-,-,+200,-240,+200,-
70,20081029,m,full,7,-,-,+110,-130,-102,-108,+105,-115,-110,-110,+110,-130,-,-,-,-,+100,-120,-,-,+100,-,+110,-130
71,20081029,m,full,8,-,-,+600,-900,-,-1100,+900,-1100,+800,-1200,-,-,-,-,-,-,+600,-999,-,-,-,-1200,-,-
72,20081029,m,full,9,-,-,+255,-310,+330,-360,+325,-360,+300,-360,+270,-370,+290,-380,-,-,+285,-369,-,-,+305,-370,+270,-370
73,20081029,m,full,10,-,-,-230,+190,-280,+260,-285,+258,-315,+265,-320,+260,-310,+255,-,-,-300,+250,-,-,-325,+265,-320,+260
74,20081029,m,full,11,-,-,-500,+400,-600,+500,-560,-,-600,+475,-,-,-600,+400,-,-,-,+450,-,-,-600,+450,-,-
75,20081029,m,first,0,-,-,+145,-165,+144,-154,+140,-160,-,-,-,-,-,-,-,-,-,-,-,-,-,-,-,-
76,20081029,m,first,1,-,-,+220,-260,+235,-,+210,-250,-,-,-,-,-,-,-,-,-,-,-,-,-,-,-,-
77,20081029,m,first,2,-,-,+158,-180,+162,-172,+158,-180,-,-,-,-,-,-,-,-,-,-,-,-,-,-,-,-
78,20081029,m,first,3,-,-,+105,-125,+120,-130,+105,-125,-,-,-,-,-,-,-,-,-,-,-,-,-,-,-,-
79,20081029,m,first,4,-,-,+260,-320,+270,-300,-,-310,-,-,-,-,-,-,-,-,-,-,-,-,-,-,-,-
80,20081029,m,first,5,-,-,+105,-125,+136,-146,+120,-140,-,-,-,-,-,-,-,-,-,-,-,-,-,-,-,-
81,20081029,m,first,6,-,-,+155,-175,+170,-180,+158,-180,-,-,-,-,-,-,-,-,-,-,-,-,-,-,-,-
82,20081029,m,first,7,-,-,+100,-120,+101,-111,-105,-115,-,-,-,-,-,-,-,-,-,-,-,-,-,-,-,-
83,20081029,m,first,8,-,-,+270,-330,+337,-367,+290,-350,-,-,-,-,-,-,-,-,-,-,-,-,-,-,-,-
84,20081029,m,first,9,-,-,+220,-260,+215,-235,+220,-260,-,-,-,-,-,-,-,-,-,-,-,-,-,-,-,-
85,20081029,m,first,10,-,-,-175,+155,-201,+183,-190,+165,-,-,-,-,-,-,-,-,-,-,-,-,-,-,-,-
86,20081029,m,first,11,-,-,-300,+250,-300,-,-,+255,-,-,-,-,-,-,-,-,-,-,-,-,-,-,-,-
87,20081029,m,sec,0,-,-,+178,-215,+185,-215,+180,-220,-,-,-,-,-,-,-,-,-,-,-,-,-,-,-,-
88,20081029,m,sec,1,-,-,+345,-430,-,-,+345,-430,-,-,-,-,-,-,-,-,-,-,-,-,-,-,-,-
89,20081029,m,sec,2,-,-,+140,-160,-,-,+140,-160,-,-,-,-,-,-,-,-,-,-,-,-,-,-,-,-
90,20081029,m,sec,3,-,-,-155,+135,-185,+167,-185,+160,-,-,-,-,-,-,-,-,-,-,-,-,-,-,-,-
91,20081029,m,sec,4,-,-,+180,-220,+163,-178,+165,-190,-,-,-,-,-,-,-,-,-,-,-,-,-,-,-,-
92,20081029,m,sec,5,-,-,+250,-300,-,-,+260,-320,-,-,-,-,-,-,-,-,-,-,-,-,-,-,-,-
93,20081029,m,sec,6,-,-,+105,-125,+114,-124,+110,-130,-,-,-,-,-,-,-,-,-,-,-,-,-,-,-,-
94,20081029,m,sec,7,-,-,-105,-115,-,-,-105,-115,-,-,-,-,-,-,-,-,-,-,-,-,-,-,-,-
95,20081029,m,sec,8,-,-,+255,-310,-,-320,+260,-320,-,-,-,-,-,-,-,-,-,-,-,-,-,-,-,-
96,20081029,m,sec,9,-,-,+200,-240,+199,-,+195,-235,-,-,-,-,-,-,-,-,-,-,-,-,-,-,-,-
97,20081029,m,sec,10,-,-,-240,+200,-240,+200,-,+200,-,-,-,-,-,-,-,-,-,-,-,-,-,-,-,-
98,20081029,m,sec,11,-,-,-130,+110,-,-,-130,+110,-,-,-,-,-,-,-,-,-,-,-,-,-,-,-,-
99,20081029,t,full,0,-,-,190-110,190-110,187½-108,187½-102,188-105,188-105,187½-110,187½-110,188-110,188-110,188-110,188-110,-,-,187½-114,187½-104,-,-,187½-110,187½-110,188-110,188-110
100,20081029,t,full,1,-,-,202-110,202-110,202½-111,202½+101,202½-107,202½-103,202½-110,202½-110,202½-110,202½-110,202-115,202-105,-,-,202½-109,202½-109,-,-,202½-110,202½-110,202½-110,202½-110
101,20081029,t,full,2,-,-,192½-110,192½-110,190½-107,190½-103,190½-105,190½-105,190-110,190-110,190½-110,190½-110,190-115,190-105,-,-,190½-109,190½-109,-,-,190½-110,190½-110,190½-110,190½-110
102,20081029,t,full,3,-,-,207½-110,207½-110,209½-110,209½+100,209½-105,209½-105,209-110,209-110,209½-110,209½-110,209-115,209-105,-,-,209½-109,209½-109,-,-,209-110,209-110,209½-110,209½-110
103,20081029,t,full,4,-,-,187-110,187-110,188-112,188+102,188½-105,188½-105,188-110,188-110,188½-110,188½-110,188-110,188-110,-,-,188½-109,188½-109,-,-,188-110,188-110,188½-110,188½-110
104,20081029,t,full,5,-,-,198-110,198-110,199-102,199-108,199-108,199-102,199-110,199-110,199-110,199-110,199-115,199-105,-,-,199-109,199-109,-,-,199-110,199-110,199-110,199-110
105,20081029,t,full,6,-,-,203-110,203-110,200½-107,200½-103,200½-105,200½-105,200-110,200-110,200½-110,200½-110,200-110,200-110,-,-,200½-109,200½-109,-,-,200½-110,200½-110,200½-110,200½-110
106,20081029,t,full,7,-,-,187½-110,187½-110,185-114,185+104,185½-102,185½-108,185-110,185-110,185½-110,185½-110,185-110,185-110,-,-,185-114,185-104,-,-,185½-110,185½-110,185½-110,185½-110
107,20081029,t,full,8,-,-,191½-110,191½-110,192-103,192-107,192-103,192-107,191½-110,191½-110,192-110,192-110,192-105,192-115,-,-,192-109,192-109,-,-,191½-110,191½-110,192-110,192-110
108,20081029,t,full,9,-,-,210½-110,210½-110,206½-112,206½+102,206½-105,206½-105,207-110,207-110,206½-110,206½-110,207-105,207-115,-,-,206½-109,206½-109,-,-,207-110,207-110,206½-110,206½-110
109,20081029,t,full,10,-,-,207-110,207-110,206½-105,206½-105,206½-109,206½-101,206½-110,206½-110,207-110,207-110,207-110,207-110,-,-,206½-114,206½-104,-,-,207-110,207-110,207-110,207-110
110,20081029,t,full,11,-,-,203-110,203-110,198+102,198-112,197½-105,197½-105,198-110,198-110,197½-110,197½-110,198-105,198-115,-,-,198-104,198-114,-,-,197½-110,197½-110,197½-110,197½-110
111,20081029,t,first,0,-,-,95-110,95-110,95+110,95-120,94½-110,94½-110,95-110,95-110,94½-110,94½-110,94½-110,94½-110,-,-,-,-,-,-,95-105,95-115,94½-110,94½-110
112,20081029,t,first,1,-,-,101-110,101-110,101+111,101-121,100-110,100-110,100-110,100-110,100-110,100-110,101-110,101-110,-,-,-,-,-,-,100½-110,100½-110,100-110,100-110
113,20081029,t,first,2,-,-,94-110,94-110,93+105,93-115,92½-110,92½-110,92-110,92-110,92½-110,92½-110,92½-110,92½-110,-,-,-,-,-,-,93-105,93-115,92½-110,92½-110
114,20081029,t,first,3,-,-,104½-110,104½-110,104-107,104-103,104½-110,104½-110,104-110,104-110,104½-110,104½-110,104½-110,104½-110,-,-,-,-,-,-,103½-115,103½-105,104½-110,104½-110
115,20081029,t,first,4,-,-,94-110,94-110,94+102,94-112,93½-110,93½-110,94-110,94-110,93½-110,93½-110,94-110,94-110,-,-,-,-,-,-,94-105,94-115,93½-110,93½-110
116,20081029,t,first,5,-,-,99½-110,99½-110,99½-113,99½+103,100½-110,100½-110,-,-,100½-110,100½-110,100-110,100-110,-,-,-,-,-,-,100-110,100-110,100½-110,100½-110
117,20081029,t,first,6,-,-,101-110,101-110,100½+106,100½-116,100-110,100-110,99½-110,99½-110,100-110,100-110,100-110,100-110,-,-,-,-,-,-,100-105,100-115,100-110,100-110
118,20081029,t,first,7,-,-,94-110,94-110,93½-106,93½-104,93½-110,93½-110,93½-110,93½-110,93½-110,93½-110,93½-110,93½-110,-,-,-,-,-,-,94-105,94-115,93½-110,93½-110
119,20081029,t,first,8,-,-,96-110,96-110,96+101,96-111,95½-110,95½-110,96-110,96-110,95½-110,95½-110,96-110,96-110,-,-,-,-,-,-,96-105,96-115,95½-110,95½-110
120,20081029,t,first,9,-,-,103-110,103-110,102½+100,102½-110,102½-110,102½-110,102½-110,102½-110,102½-110,102½-110,102-115,102-105,-,-,-,-,-,-,102½-110,102½-110,102½-110,102½-110
121,20081029,t,first,10,-,-,104-110,104-110,104-113,104+103,104½-110,104½-110,104½-110,104½-110,104½-110,104½-110,104-110,104-110,-,-,-,-,-,-,104-110,104-110,104½-110,104½-110
122,20081029,t,first,11,-,-,101½-110,101½-110,100+103,100-113,100-110,100-110,99½-110,99½-110,99½-110,99½-110,99½-110,99½-110,-,-,-,-,-,-,99½-110,99½-110,99½-110,99½-110
123,20081029,t,sec,0,-,-,93-110,93-110,93½-111,93½+101,94-110,94-110,93½-110,93½-110,-,-,-,-,-,-,-,-,-,-,-,-,-,-
124,20081029,t,sec,1,-,-,100½-110,100½-110,-,-,101-110,101-110,-,-,-,-,-,-,-,-,-,-,-,-,-,-,-,-
125,20081029,t,sec,2,-,-,98-110,98-110,-,-,97½-110,97½-110,-,-,-,-,-,-,-,-,-,-,-,-,-,-,-,-
126,20081029,t,sec,3,-,-,104½-110,104½-110,104½+104,104½-114,104-110,104-110,104-110,104-110,-,-,-,-,-,-,-,-,-,-,-,-,-,-
127,20081029,t,sec,4,-,-,94-110,94-110,94+101,94-111,93½-110,93½-110,93½-110,93½-110,-,-,-,-,-,-,-,-,-,-,-,-,-,-
128,20081029,t,sec,5,-,-,98½-110,98½-110,-,-,98-110,98-110,-,-,-,-,-,-,-,-,-,-,-,-,-,-,-,-
129,20081029,t,sec,6,-,-,100½-110,100½-110,100½+102,100½-112,100-110,100-110,100½-110,100½-110,-,-,-,-,-,-,-,-,-,-,-,-,-,-
130,20081029,t,sec,7,-,-,92-110,92-110,91½-102,91½-108,91½-110,91½-110,91½-110,91½-110,-,-,-,-,-,-,-,-,-,-,-,-,-,-
131,20081029,t,sec,8,-,-,95½-110,95½-110,95½+105,95½-115,95-110,95-110,96-110,96-110,-,-,-,-,-,-,-,-,-,-,-,-,-,-
132,20081029,t,sec,9,-,-,103½-110,103½-110,104+106,104-116,103½-110,103½-110,-,-,-,-,-,-,-,-,-,-,-,-,-,-,-,-
133,20081029,t,sec,10,-,-,103½-110,103½-110,103½-115,103½+105,104½-110,104½-110,103½-110,103½-110,-,-,-,-,-,-,-,-,-,-,-,-,-,-
134,20081029,t,sec,11,-,-,98-110,98-110,99+122,99-134,97½-110,97½-110,98-110,98-110,-,-,-,-,-,-,-,-,-,-,-,-,-,-
135,20081030,p,full,0,-,-,+9½-110,-9½-110,+9-106,-9-104,+9-103,-9-107,+9-110,-9-110,+9-110,-9-110,+9-110,-9-110,-,-,+9-109,-9-109,-,-,-9-110,-9-110,+9-110,-9-110
136,20081030,p,full,1,-,-,+3½-110,-3½-110,+4-112,-4+102,+3½-110,-3½-110,+3½-110,-3½-110,+3½-110,-3½-110,+3½-110,-3½-110,-,-,+3½-109,-3½-109,-,-,-3½-110,-3½-110,+3½-110,-3½-110
137,20081030,p,full,2,-,-,+2-110,-2-110,+3+104,-3-112,+3½-108,-3½-102,+3-110,-3-110,+3½-110,-3½-110,+3½-115,-3½-105,-,-,+3-104,-3-114,-,-,-3-110,-3-110,+3½-110,-3½-110
138,20081030,p,first,0,-,-,+5½-105,-5½-115,+5-101,-5-109,+5-110,-5-110,+5-110,-5-110,+5-110,-5-110,+5-105,-5-115,-,-,-,-,-,-,-5-110,-5-110,+5-110,-5-110
139,20081030,p,first,1,-,-,+2½-110,-2½-110,+2½-109,-2½-101,+2-105,-2-115,+1½-110,-1½-110,+2-105,-2-115,+2-110,-2-110,-,-,-,-,-,-,-2½-115,-2½-105,+2-105,-2-115
140,20081030,p,first,2,-,-,+1½-115,-1½-105,+2-107,-2-103,+2-115,-2-105,-,-1½-110,-,-2-110,+1½-105,-1½-115,-,-,-,-,-,-,-1½-105,-1½-115,-,-2-110
141,20081030,p,sec,0,-,-,-2-110,+2-110,-1½+115,+1½-125,-½-110,+½-110,-,-,-,-,-,-,-,-,-,-,-,-,-,-,-,-
142,20081030,p,sec,1,-,-,+3½-110,-3½-110,-,-,+3-110,-3-110,-,-,-,-,-,-,-,-,-,-,-,-,-,-,-,-
143,20081030,p,sec,2,-,-,+5½-110,-5½-110,+5½-110,-5½+100,+5-110,-5-110,+5½-115,-5½-105,-,-,-,-,-,-,-,-,-,-,-,-,-,-
144,20081030,m,full,0,-,-,+450,-600,+440,-480,+420,-475,+395,-475,+350,-500,+375,-550,-,-,+390,-520,-,-,+380,-460,+350,-500
145,20081030,m,full,1,-,-,+158,-180,+155,-165,+145,-165,+145,-165,+145,-165,+145,-165,-,-,+155,-175,-,-,-,-165,+145,-165
146,20081030,m,full,2,-,-,+110,-130,+143,-153,+145,-155,+140,-160,+140,-160,+135,-155,-,-,+134,-154,-,-,+135,-155,+140,-160
147,20081030,m,first,0,-,-,+240,-280,+240,-260,+220,-260,-,-,-,-,-,-,-,-,-,-,-,-,-,-,-,-
148,20081030,m,first,1,-,-,+135,-155,+140,-150,+125,-145,-,-,-,-,-,-,-,-,-,-,-,-,-,-,-,-
149,20081030,m,first,2,-,-,+115,-135,-,-142,+120,-140,-,-,-,-,-,-,-,-,-,-,-,-,-,-,-,-
150,20081030,m,sec,0,-,-,-145,+125,-115,+105,-118,-102,-,-,-,-,-,-,-,-,-,-,-,-,-,-,-,-
151,20081030,m,sec,1,-,-,+173,-205,-,-,+160,-185,-,-,-,-,-,-,-,-,-,-,-,-,-,-,-,-
152,20081030,m,sec,2,-,-,+240,-280,+253,-285,+243,-285,-,-,-,-,-,-,-,-,-,-,-,-,-,-,-,-
153,20081030,t,full,0,-,-,184-110,184-110,183-105,183-105,183-106,183-104,183-110,183-110,183-110,183-110,183-115,183-105,-,-,183-109,183-109,-,-,183-110,183-110,183-110,183-110
154,20081030,t,full,1,-,-,192½-110,192½-110,190-105,190-105,190-110,190-110,189½-110,189½-110,190-110,190-110,190-105,190-115,-,-,190-109,190-109,-,-,190-110,190-110,190-110,190-110
155,20081030,t,full,2,-,-,196-110,196-110,198½-105,198½-105,198½-108,198½-102,199-110,199-110,198½-110,198½-110,200-105,200-115,-,-,199-109,199-109,-,-,199-110,199-110,198½-110,198½-110
156,20081030,t,first,0,-,-,92½-110,92½-110,91½+103,91½-113,91-110,91-110,91½-110,91½-110,91-110,91-110,91½-110,91½-110,-,-,-,-,-,-,91½-110,91½-110,91-110,91-110
157,20081030,t,first,1,-,-,95½-110,95½-110,96+105,96-115,95-110,95-110,96-110,96-110,95-110,95-110,95½-110,95½-110,-,-,-,-,-,-,95-110,95-110,95-110,95-110
158,20081030,t,first,2,-,-,99½-110,99½-110,100½-111,100½+101,100½-110,100½-110,101½-110,101½-110,100½-110,100½-110,100½-120,100½+100,-,-,-,-,-,-,100½-115,100½-105,100½-110,100½-110
159,20081030,t,sec,0,-,-,91½-110,91½-110,91-112,91+102,91-110,91-110,-,-,-,-,-,-,-,-,-,-,-,-,-,-,-,-
160,20081030,t,sec,1,-,-,94-110,94-110,-,-,95½-110,95½-110,-,-,-,-,-,-,-,-,-,-,-,-,-,-,-,-
161,20081030,t,sec,2,-,-,98-110,98-110,98½-110,98½+100,99-110,99-110,99-110,99-110,-,-,-,-,-,-,-,-,-,-,-,-,-,-
162,20081031,p,full,0,-,-,+7½-110,-7½-110,-,-6½-110,+6½-105,-6½-105,+6½-110,-6½-110,+6½-110,-6½-110,+7-110,-7-110,-,-,+6½-109,-6½-109,-,-,-6½-110,-6½-110,+6½-110,-6½-110
163,20081031,p,full,1,-,-,+8-110,-8-110,+8½-113,-8½+103,+8-105,-8-105,+8½-110,-8½-110,+8-110,-8-110,+8-110,-8-110,-,-,+8-109,-8-109,-,-,-8-110,-8-110,+8-110,-8-110
164,20081031,p,full,2,-,-,+5½-110,-5½-110,+6½+100,-6½-110,+6½-102,-6½-108,+6½-110,-6½-110,+6½-110,-6½-110,+7-115,-7-105,-,-,+6½-109,-6½-109,-,-,-6½-110,-6½-110,+6½-110,-6½-110
165,20081031,p,full,3,-,-,-6½-110,+6½-110,-7½-102,+7½-108,-7½-101,+7½-109,-7½-110,+7½-110,-7½-110,+7½-110,-7½-110,+7½-110,-,-,-7½-104,+7½-114,-,-,-7½-110,-7½-110,-7½-110,+7½-110
166,20081031,p,full,4,-,-,+8½-110,-8½-110,+10-107,-10-103,+10-105,-10-105,+10-110,-10-110,+10-110,-10-110,+10-110,-10-110,-,-,+10-104,-10-114,-,-,-10-110,-10-110,+10-110,-10-110
167,20081031,p,full,5,-,-,-1½-110,+1½-110,-2+105,+2-115,-1½-109,+1½-101,-1½-110,+1½-110,-1½-110,+1½-110,-2-110,+2-110,-,-,-1½-109,+1½-109,-,-,-1½-110,-1½-110,-1½-110,+1½-110
168,20081031,p,full,6,-,-,-1½-110,+1½-110,-2-101,+2-109,-2-106,+2-104,-2½-110,+2½-110,-,+2-110,-2½-110,+2½-110,-,-,-2-109,+2-109,-,-,-2-110,-2-110,-,+2-110
169,20081031,p,first,0,-,-,+4-110,-4-110,+3½-103,-3½-107,+3½-110,-3½-110,+3½-110,-3½-110,-,-3½-110,+3½-110,-3½-110,-,-,-,-,-,-,-4-115,-4-105,-,-3½-110
170,20081031,p,first,1,-,-,+4-110,-4-110,+4½-110,-4½+100,+4½-110,-4½-110,+4½-115,-4½-105,+4½-110,-4½-110,+4½-110,-4½-110,-,-,-,-,-,-,-4½-110,-4½-110,+4½-110,-4½-110
171,20081031,p,first,2,-,-,+3-115,-3-105,+3½-108,-3½-102,+3½-115,-,+3½-110,-3½-110,+3½-110,-3½-110,+3½-110,-3½-110,-,-,-,-,-,-,-3½-115,-3½-105,+3½-110,-3½-110
172,20081031,p,first,3,-,-,-3½-110,+3½-110,-4-102,+4-108,-4-110,-,-4-105,-,-4-110,+4-110,-4-115,+4-105,-,-,-,-,-,-,-4-105,-4-115,-4-110,+4-110
173,20081031,p,first,4,-,-,+5-110,-5-110,+5½+102,-5½-112,+5½-105,-5½-115,+6-115,-6-105,+5½-105,-5½-115,+5½-105,-5½-115,-,-,-,-,-,-,-5½-105,-5½-115,+5½-105,-5½-115
174,20081031,p,first,5,-,-,-1-110,+1-110,-1+104,+1-114,-½-115,+½-105,-1-105,+1-115,-½-110,+½-110,-1-110,+1-110,-,-,-,-,-,-,-1-110,-1-110,-½-110,+½-110
175,20081031,p,first,6,-,-,-1-110,+1-110,-1-108,+1-102,-1-105,+1-115,-1-115,+1-105,-½-115,+½-105,-,+1-110,-,-,-,-,-,-,-½-115,-½-105,-½-115,+½-105
176,20081031,p,sec,0,-,-,+3½-110,-3½-110,+3½+109,-3½-119,+4-110,-,+3½-105,-3½-115,-,-,-,-,-,-,-,-,-,-,-,-,-,-
177,20081031,p,sec,1,-,-,+1-110,-1-110,+1-116,-1+106,+½-110,-½-110,+1-110,-1-110,-,-,-,-,-,-,-,-,-,-,-,-,-,-
178,20081031,p,sec,2,-,-,-1-110,+1-110,-,+1½-108,-1-110,+1-110,-1½-105,+1½-115,-,-,-,-,-,-,-,-,-,-,-,-,-,-
179,20081031,p,sec,3,-,-,-½-110,+½-110,-,-,-½-105,+½-115,-,-,-,-,-,-,-,-,-,-,-,-,-,-,-,-
180,20081031,p,sec,4,-,-,+½-110,-½-110,-,-,+½-110,-½-110,-,-,-,-,-,-,-,-,-,-,-,-,-,-,-,-
181,20081031,p,sec,5,-,-,-5½-110,+5½-110,-5½-102,+5½-108,-5½-110,+5½-110,-5½-115,+5½-105,-,-,-,-,-,-,-,-,-,-,-,-,-,-
182,20081031,p,sec,6,-,-,-2½-110,+2½-110,-2½+105,+2½-115,-,+2-110,-2-115,+2-105,-,-,-,-,-,-,-,-,-,-,-,-,-,-
183,20081031,m,full,0,-,-,+270,-330,+260,-280,+250,-275,+235,-275,+230,-280,+235,-275,-,-,+245,-290,-,-,+240,-280,+230,-280
184,20081031,m,full,1,-,-,+310,-370,+330,-360,+315,-345,+315,-375,+300,-400,+290,-380,-,-,+300,-400,-,-,+290,-350,+300,-400
185,20081031,m,full,2,-,-,+200,-240,+250,-270,+248,-270,+235,-275,+230,-280,+240,-280,-,-,+234,-275,-,-,+235,-275,+230,-280
186,20081031,m,full,3,-,-,-280,+240,-305,-,-300,+270,-325,+275,-320,+260,-330,+265,-,-,-330,+270,-,-,-320,+260,-320,+260
187,20081031,m,full,4,-,-,+375,-470,+500,-,+485,-575,+475,-600,+400,-600,+400,-600,-,-,+469,-650,-,-,+450,-600,+400,-600
188,20081031,m,full,5,-,-,-125,+105,-114,+104,-116,+106,-120,+100,-,+110,-,-,-,-,-120,+100,-,-,-120,+100,-,+110
189,20081031,m,full,6,-,-,-125,+105,-120,+110,-125,+115,-140,+120,-130,+110,-,-,-,-,-130,+109,-,-,-130,+110,-130,+110
190,20081031,m,first,0,-,-,+175,-210,+176,-186,+175,-210,-,-,-,-,-,-,-,-,-,-,-,-,-,-,-,-
191,20081031,m,first,1,-,-,+220,-260,+220,-240,+225,-265,-,-,-,-,-,-,-,-,-,-,-,-,-,-,-,-
192,20081031,m,first,2,-,-,+158,-180,+170,-180,+173,-205,-,-,-,-,-,-,-,-,-,-,-,-,-,-,-,-
193,20081031,m,first,3,-,-,-205,+173,-205,+187,-230,+190,-,-,-,-,-,-,-,-,-,-,-,-,-,-,-,-
194,20081031,m,first,4,-,-,+245,-290,+260,-280,+260,-320,-,-,-,-,-,-,-,-,-,-,-,-,-,-,-,-
195,20081031,m,first,5,-,-,-120,+100,-115,-,-120,-,-,-,-,-,-,-,-,-,-,-,-,-,-,-,-,-
196,20081031,m,first,6,-,-,-120,+100,-112,+102,-120,+100,-,-,-,-,-,-,-,-,-,-,-,-,-,-,-,-
197,20081031,m,sec,0,-,-,+175,-210,+211,-237,+175,-210,-,-,-,-,-,-,-,-,-,-,-,-,-,-,-,-
198,20081031,m,sec,1,-,-,+105,-125,+105,-115,+100,-120,-,-,-,-,-,-,-,-,-,-,-,-,-,-,-,-
199,20081031,m,sec,2,-,-,-145,+125,-135,+123,-145,+125,-,-,-,-,-,-,-,-,-,-,-,-,-,-,-,-
200,20081031,m,sec,3,-,-,-120,+100,-,-,-120,+100,-,-,-,-,-,-,-,-,-,-,-,-,-,-,-,-
201,20081031,m,sec,4,-,-,+100,-120,-,-,-102,-118,-,-,-,-,-,-,-,-,-,-,-,-,-,-,-,-
202,20081031,m,sec,5,-,-,-290,+245,-280,+240,-290,+245,-,-,-,-,-,-,-,-,-,-,-,-,-,-,-,-
203,20081031,m,sec,6,-,-,-155,+135,-150,-,-155,+135,-,-,-,-,-,-,-,-,-,-,-,-,-,-,-,-
204,20081031,t,full,0,-,-,205-110,205-110,207-110,207+100,207-110,207+100,207-110,207-110,207½-110,207½-110,207-115,207-105,-,-,207-109,207-109,-,-,207-110,207-110,207½-110,207½-110
205,20081031,t,full,1,-,-,217-110,217-110,214½-108,214½-102,214½-108,214½-102,214½-110,214½-110,214½-110,214½-110,214-115,214-105,-,-,214½-109,214½-109,-,-,214½-110,214½-110,214½-110,214½-110
206,20081031,t,full,2,-,-,205-110,205-110,204-112,204+102,204-108,204-102,203½-110,203½-110,204½-110,204½-110,204-110,204-110,-,-,204-109,204-109,-,-,204-110,204-110,204½-110,204½-110
207,20081031,t,full,3,-,-,190-110,190-110,193½-106,193½-104,193½-105,193½-105,193½-110,193½-110,193½-110,193½-110,193-115,193-105,-,-,193½-109,193½-109,-,-,193½-110,193½-110,193½-110,193½-110
208,20081031,t,full,4,-,-,191-110,191-110,189½+101,189½-111,189-105,189-105,189-110,189-110,189-110,189-110,190-110,190-110,-,-,189-109,189-109,-,-,189-110,189-110,189-110,189-110
209,20081031,t,full,5,-,-,200½-110,200½-110,196-110,196+100,196½-108,196½-102,196-110,196-110,196½-110,196½-110,197-110,197-110,-,-,196½-109,196½-109,-,-,196½-110,196½-110,196½-110,196½-110
210,20081031,t,full,6,-,-,178-110,178-110,174½-108,174½-102,175-105,175-105,174-110,174-110,175-110,175-110,175-115,175-105,-,-,175-109,175-109,-,-,174½-110,174½-110,175-110,175-110
211,20081031,t,first,0,-,-,104-110,104-110,104-101,104-109,104-110,104-110,103½-110,103½-110,104-110,104-110,104-120,104+100,-,-,-,-,-,-,104-105,104-115,104-110,104-110
212,20081031,t,first,1,-,-,110-110,110-110,107½-102,107½-108,107½-110,107½-110,107½-110,107½-110,107-110,107-110,107½-110,107½-110,-,-,-,-,-,-,107½-110,107½-110,107-110,107-110
213,20081031,t,first,2,-,-,103½-110,103½-110,103½+108,103½-118,103-110,103-110,103-110,103-110,103-110,103-110,103-110,103-110,-,-,-,-,-,-,103-110,103-110,103-110,103-110
214,20081031,t,first,3,-,-,95-110,95-110,95½-114,95½+104,96-110,96-110,96-110,96-110,96-110,96-110,96-110,96-110,-,-,-,-,-,-,96-110,96-110,96-110,96-110
215,20081031,t,first,4,-,-,95-110,95-110,95-110,95+100,94½-110,94½-110,94½-110,94½-110,94½-110,94½-110,95-105,95-115,-,-,-,-,-,-,94½-110,94½-110,94½-110,94½-110
216,20081031,t,first,5,-,-,100-110,100-110,98½-112,98½+102,98½-110,98½-110,98½-110,98½-110,99-110,99-110,99-115,99-105,-,-,-,-,-,-,99-105,99-115,99-110,99-110
217,20081031,t,first,6,-,-,899-110,899-110,88-107,88-103,88-110,88-110,87½-110,87½-110,87½-110,87½-110,88-110,88-110,-,-,-,-,-,-,88-110,88-110,87½-110,87½-110
218,20081031,t,sec,0,-,-,103-110,103-110,103+104,103-114,102½-110,102½-110,103-110,103-110,-,-,-,-,-,-,-,-,-,-,-,-,-,-
219,20081031,t,sec,1,-,-,107-110,107-110,106½+111,106½-121,105½-110,105½-110,106-110,106-110,-,-,-,-,-,-,-,-,-,-,-,-,-,-
220,20081031,t,sec,2,-,-,99-110,99-110,99½+108,99½-118,99-110,99-110,99-110,99-110,-,-,-,-,-,-,-,-,-,-,-,-,-,-
221,20081031,t,sec,3,-,-,97-110,97-110,-,-,96½-110,96½-110,-,-,-,-,-,-,-,-,-,-,-,-,-,-,-,-
222,20081031,t,sec,4,-,-,93½-110,93½-110,-,-,94-110,94-110,-,-,-,-,-,-,-,-,-,-,-,-,-,-,-,-
223,20081031,t,sec,5,-,-,97½-110,97½-110,97½+109,97½-119,96½-110,96½-110,96½-110,96½-110,-,-,-,-,-,-,-,-,-,-,-,-,-,-
224,20081031,t,sec,6,-,-,87-110,87-110,87-107,87-103,87-110,87-110,87-110,87-110,-,-,-,-,-,-,-,-,-,-,-,-,-,-
